report_date,category,revenue
31/03/2022,Set,47217.0
31/03/2022,Top,4065.0
31/03/2022,Western Dress,2198.0
31/03/2022,kurta,30533.0
01/04/2022,Blouse,4516.0
01/04/2022,Bottom,360.0
01/04/2022,Ethnic Dress,11466.0
01/04/2022,Set,394350.0
01/04/2022,Top,52031.0
01/04/2022,Western Dress,46438.0
01/04/2022,kurta,195491.0
02/04/2022,Blouse,7894.0
02/04/2022,Bottom,1175.0
02/04/2022,Ethnic Dress,14537.0
02/04/2022,Saree,648.0
02/04/2022,Set,777429.0
02/04/2022,Top,98215.0
02/04/2022,Western Dress,91444.0
02/04/2022,kurta,369496.0
03/04/2022,Blouse,13309.0
03/04/2022,Bottom,1416.0
03/04/2022,Ethnic Dress,16983.0
03/04/2022,Saree,4964.0
03/04/2022,Set,1172736.0
03/04/2022,Top,151442.0
03/04/2022,Western Dress,134148.0
03/04/2022,kurta,507976.0
04/04/2022,Blouse,13093.0
04/04/2022,Bottom,1674.0
04/04/2022,Ethnic Dress,13315.0
04/04/2022,Saree,4964.0
04/04/2022,Set,1180284.0
04/04/2022,Top,159229.0
04/04/2022,Western Dress,136655.0
04/04/2022,kurta,494402.0
05/04/2022,Blouse,12463.0
05/04/2022,Bottom,2151.0
05/04/2022,Ethnic Dress,14782.0
05/04/2022,Saree,4316.0
05/04/2022,Set,1182392.0
05/04/2022,Top,163702.0
05/04/2022,Western Dress,132062.0
05/04/2022,kurta,509946.0
06/04/2022,Blouse,10512.0
06/04/2022,Bottom,2728.0
06/04/2022,Ethnic Dress,19764.0
06/04/2022,Saree,899.0
06/04/2022,Set,1032705.0
06/04/2022,Top,148952.0
06/04/2022,Western Dress,143958.0
06/04/2022,kurta,535056.0
07/04/2022,Blouse,16811.0
07/04/2022,Bottom,4496.0
07/04/2022,Ethnic Dress,17331.0
07/04/2022,Saree,2082.0
07/04/2022,Set,1023375.0
07/04/2022,Top,125303.0
07/04/2022,Western Dress,142114.0
07/04/2022,kurta,543176.0
08/04/2022,Blouse,18717.0
08/04/2022,Bottom,5948.0
08/04/2022,Ethnic Dress,19545.0
08/04/2022,Saree,4561.0
08/04/2022,Set,1012127.0
08/04/2022,Top,126124.0
08/04/2022,Western Dress,215926.0
08/04/2022,kurta,508556.0
09/04/2022,Blouse,19825.0
09/04/2022,Bottom,6409.0
09/04/2022,Ethnic Dress,21953.0
09/04/2022,Saree,5129.0
09/04/2022,Set,1056051.0
09/04/2022,Top,133270.0
09/04/2022,Western Dress,252790.0
09/04/2022,kurta,472470.0
10/04/2022,Blouse,14231.0
10/04/2022,Bottom,5906.0
10/04/2022,Ethnic Dress,24102.0
10/04/2022,Saree,4736.0
10/04/2022,Set,1095108.0
10/04/2022,Top,150362.0
10/04/2022,Western Dress,281665.0
10/04/2022,kurta,484463.0
11/04/2022,Blouse,15365.0
11/04/2022,Bottom,3868.0
11/04/2022,Ethnic Dress,26897.0
11/04/2022,Saree,2257.0
11/04/2022,Set,1043315.0
11/04/2022,Top,138182.0
11/04/2022,Western Dress,220580.0
11/04/2022,kurta,456883.0
12/04/2022,Blouse,12536.0
12/04/2022,Bottom,2862.0
12/04/2022,Ethnic Dress,25315.0
12/04/2022,Saree,790.0
12/04/2022,Set,1026835.0
12/04/2022,Top,133086.0
12/04/2022,Western Dress,176478.0
12/04/2022,kurta,409628.0
13/04/2022,Blouse,9337.0
13/04/2022,Bottom,1684.0
13/04/2022,Ethnic Dress,23100.0
13/04/2022,Set,993027.0
13/04/2022,Top,125619.0
13/04/2022,Western Dress,168259.0
13/04/2022,kurta,404123.0
14/04/2022,Blouse,7496.0
14/04/2022,Bottom,1620.0
14/04/2022,Ethnic Dress,17374.0
14/04/2022,Set,1095425.0
14/04/2022,Top,129622.0
14/04/2022,Western Dress,170500.0
14/04/2022,kurta,491576.0
15/04/2022,Blouse,13314.0
15/04/2022,Bottom,1347.0
15/04/2022,Ethnic Dress,13728.0
15/04/2022,Saree,563.0
15/04/2022,Set,1144072.0
15/04/2022,Top,129006.0
15/04/2022,Western Dress,173686.0
15/04/2022,kurta,589932.0
16/04/2022,Blouse,16105.0
16/04/2022,Bottom,2800.0
16/04/2022,Ethnic Dress,12522.0
16/04/2022,Saree,5848.0
16/04/2022,Set,1117584.0
16/04/2022,Top,124829.0
16/04/2022,Western Dress,174482.0
16/04/2022,kurta,590194.0
17/04/2022,Blouse,16194.0
17/04/2022,Bottom,4532.0
17/04/2022,Ethnic Dress,12049.0
17/04/2022,Saree,5848.0
17/04/2022,Set,991976.0
17/04/2022,Top,118198.0
17/04/2022,Western Dress,149895.0
17/04/2022,kurta,513550.0
18/04/2022,Blouse,14662.0
18/04/2022,Bottom,7133.0
18/04/2022,Ethnic Dress,9868.0
18/04/2022,Saree,5285.0
18/04/2022,Set,884611.0
18/04/2022,Top,118462.0
18/04/2022,Western Dress,152137.0
18/04/2022,kurta,451828.0
19/04/2022,Blouse,15090.0
19/04/2022,Bottom,7392.0
19/04/2022,Ethnic Dress,8985.0
19/04/2022,Saree,819.0
19/04/2022,Set,875035.0
19/04/2022,Top,118066.0
19/04/2022,Western Dress,127294.0
19/04/2022,kurta,423741.0
20/04/2022,Blouse,13152.0
20/04/2022,Bottom,8466.0
20/04/2022,Ethnic Dress,12656.0
20/04/2022,Saree,4261.0
20/04/2022,Set,903933.0
20/04/2022,Top,124598.0
20/04/2022,Western Dress,172290.0
20/04/2022,kurta,467228.0
21/04/2022,Blouse,8163.0
21/04/2022,Bottom,8522.0
21/04/2022,Ethnic Dress,16281.0
21/04/2022,Saree,6069.0
21/04/2022,Set,955600.0
21/04/2022,Top,120008.0
21/04/2022,Western Dress,163795.0
21/04/2022,kurta,512524.0
22/04/2022,Blouse,6646.0
22/04/2022,Bottom,9602.0
22/04/2022,Ethnic Dress,15484.0
22/04/2022,Saree,6149.0
22/04/2022,Set,971241.0
22/04/2022,Top,116428.0
22/04/2022,Western Dress,175020.0
22/04/2022,kurta,534555.0
23/04/2022,Blouse,11251.0
23/04/2022,Bottom,9817.0
23/04/2022,Ethnic Dress,11056.0
23/04/2022,Saree,4179.0
23/04/2022,Set,1002688.0
23/04/2022,Top,123957.0
23/04/2022,Western Dress,154935.0
23/04/2022,kurta,527775.0
24/04/2022,Blouse,14997.0
24/04/2022,Bottom,7850.0
24/04/2022,Ethnic Dress,10303.0
24/04/2022,Saree,5781.0
24/04/2022,Set,1025338.0
24/04/2022,Top,131976.0
24/04/2022,Western Dress,156369.0
24/04/2022,kurta,498854.0
25/04/2022,Blouse,14078.0
25/04/2022,Bottom,5489.0
25/04/2022,Ethnic Dress,8673.0
25/04/2022,Saree,4882.0
25/04/2022,Set,967074.0
25/04/2022,Top,141563.0
25/04/2022,Western Dress,150691.0
25/04/2022,kurta,471166.0
26/04/2022,Blouse,9969.0
26/04/2022,Bottom,4445.0
26/04/2022,Ethnic Dress,7493.0
26/04/2022,Saree,3410.0
26/04/2022,Set,860965.0
26/04/2022,Top,135754.0
26/04/2022,Western Dress,136119.0
26/04/2022,kurta,431667.0
27/04/2022,Blouse,8291.0
27/04/2022,Bottom,6781.0
27/04/2022,Ethnic Dress,4337.0
27/04/2022,Set,754208.0
27/04/2022,Top,124800.0
27/04/2022,Western Dress,123017.0
27/04/2022,kurta,386088.0
28/04/2022,Blouse,9371.0
28/04/2022,Bottom,6709.0
28/04/2022,Ethnic Dress,6323.0
28/04/2022,Saree,6130.0
28/04/2022,Set,728982.0
28/04/2022,Top,125443.0
28/04/2022,Western Dress,116537.0
28/04/2022,kurta,384731.0
29/04/2022,Blouse,9410.0
29/04/2022,Bottom,4892.0
29/04/2022,Ethnic Dress,10633.0
29/04/2022,Saree,7768.0
29/04/2022,Set,811089.0
29/04/2022,Top,125323.0
29/04/2022,Western Dress,134554.0
29/04/2022,kurta,400425.0
30/04/2022,Blouse,9446.0
30/04/2022,Bottom,1866.0
30/04/2022,Ethnic Dress,14521.0
30/04/2022,Saree,9377.0
30/04/2022,Set,973581.0
30/04/2022,Top,133714.0
30/04/2022,Western Dress,174707.0
30/04/2022,kurta,481733.0
01/05/2022,Blouse,10426.0
01/05/2022,Bottom,1522.0
01/05/2022,Ethnic Dress,12916.0
01/05/2022,Saree,3810.0
01/05/2022,Set,1175136.0
01/05/2022,Top,136758.0
01/05/2022,Western Dress,212561.0
01/05/2022,kurta,565679.0
02/05/2022,Blouse,12375.0
02/05/2022,Bottom,3465.0
02/05/2022,Ethnic Dress,13452.0
02/05/2022,Saree,2172.0
02/05/2022,Set,1291916.0
02/05/2022,Top,137823.0
02/05/2022,Western Dress,214298.0
02/05/2022,kurta,671397.0
03/05/2022,Blouse,12250.0
03/05/2022,Bottom,3775.0
03/05/2022,Ethnic Dress,16750.0
03/05/2022,Saree,2593.0
03/05/2022,Set,1340890.0
03/05/2022,Top,137274.0
03/05/2022,Western Dress,215883.0
03/05/2022,kurta,737411.0
04/05/2022,Blouse,8851.0
04/05/2022,Bottom,3384.0
04/05/2022,Ethnic Dress,21439.0
04/05/2022,Saree,6336.0
04/05/2022,Set,1373831.0
04/05/2022,Top,144930.0
04/05/2022,Western Dress,199584.0
04/05/2022,kurta,759543.0
05/05/2022,Blouse,7184.0
05/05/2022,Bottom,956.0
05/05/2022,Ethnic Dress,20404.0
05/05/2022,Saree,10067.0
05/05/2022,Set,1247648.0
05/05/2022,Top,142889.0
05/05/2022,Western Dress,190403.0
05/05/2022,kurta,682076.0
06/05/2022,Blouse,9659.0
06/05/2022,Bottom,646.0
06/05/2022,Ethnic Dress,19291.0
06/05/2022,Saree,8793.0
06/05/2022,Set,1182007.0
06/05/2022,Top,142493.0
06/05/2022,Western Dress,150098.0
06/05/2022,kurta,558478.0
07/05/2022,Blouse,12255.0
07/05/2022,Bottom,317.0
07/05/2022,Ethnic Dress,18075.0
07/05/2022,Saree,5319.0
07/05/2022,Set,1002174.0
07/05/2022,Top,128850.0
07/05/2022,Western Dress,144396.0
07/05/2022,kurta,459091.0
08/05/2022,Blouse,12132.0
08/05/2022,Bottom,648.0
08/05/2022,Ethnic Dress,17197.0
08/05/2022,Saree,1588.0
08/05/2022,Set,950527.0
08/05/2022,Top,127482.0
08/05/2022,Western Dress,136375.0
08/05/2022,kurta,435140.0
09/05/2022,Blouse,8206.0
09/05/2022,Bottom,979.0
09/05/2022,Ethnic Dress,15620.0
09/05/2022,Saree,1805.0
09/05/2022,Set,818142.0
09/05/2022,Top,116995.0
09/05/2022,Western Dress,124007.0
09/05/2022,kurta,451079.0
10/05/2022,Blouse,10049.0
10/05/2022,Bottom,1597.0
10/05/2022,Ethnic Dress,15027.0
10/05/2022,Saree,4403.0
10/05/2022,Set,702875.0
10/05/2022,Top,114487.0
10/05/2022,Western Dress,94395.0
10/05/2022,kurta,428411.0
11/05/2022,Blouse,11307.0
11/05/2022,Bottom,949.0
11/05/2022,Ethnic Dress,14851.0
11/05/2022,Saree,5974.0
11/05/2022,Set,637594.0
11/05/2022,Top,101468.0
11/05/2022,Western Dress,77794.0
11/05/2022,kurta,391030.0
12/05/2022,Blouse,14344.0
12/05/2022,Bottom,618.0
12/05/2022,Ethnic Dress,12645.0
12/05/2022,Saree,7253.0
12/05/2022,Set,601922.0
12/05/2022,Top,98059.0
12/05/2022,Western Dress,88489.0
12/05/2022,kurta,336981.0
13/05/2022,Blouse,11900.0
13/05/2022,Bottom,1855.0
13/05/2022,Ethnic Dress,14759.0
13/05/2022,Saree,4595.0
13/05/2022,Set,621602.0
13/05/2022,Top,82767.0
13/05/2022,Western Dress,102914.0
13/05/2022,kurta,316085.0
14/05/2022,Blouse,11906.0
14/05/2022,Bottom,3005.0
14/05/2022,Ethnic Dress,16123.0
14/05/2022,Saree,3024.0
14/05/2022,Set,606409.0
14/05/2022,Top,87097.0
14/05/2022,Western Dress,109951.0
14/05/2022,kurta,300963.0
15/05/2022,Blouse,8990.0
15/05/2022,Bottom,3005.0
15/05/2022,Ethnic Dress,17760.0
15/05/2022,Saree,772.0
15/05/2022,Set,613733.0
15/05/2022,Top,100952.0
15/05/2022,Western Dress,129835.0
15/05/2022,kurta,316430.0
16/05/2022,Blouse,7952.0
16/05/2022,Bottom,1752.0
16/05/2022,Ethnic Dress,20237.0
16/05/2022,Saree,885.0
16/05/2022,Set,597757.0
16/05/2022,Top,107367.0
16/05/2022,Western Dress,130541.0
16/05/2022,kurta,332958.0
17/05/2022,Blouse,4940.0
17/05/2022,Bottom,919.0
17/05/2022,Ethnic Dress,20595.0
17/05/2022,Saree,885.0
17/05/2022,Set,588989.0
17/05/2022,Top,117033.0
17/05/2022,Western Dress,137985.0
17/05/2022,kurta,323721.0
18/05/2022,Blouse,6824.0
18/05/2022,Bottom,919.0
18/05/2022,Ethnic Dress,17114.0
18/05/2022,Saree,1805.0
18/05/2022,Set,560105.0
18/05/2022,Top,105352.0
18/05/2022,Western Dress,157548.0
18/05/2022,kurta,309863.0
19/05/2022,Blouse,10071.0
19/05/2022,Bottom,317.0
19/05/2022,Ethnic Dress,9873.0
19/05/2022,Saree,2486.0
19/05/2022,Set,558726.0
19/05/2022,Top,106801.0
19/05/2022,Western Dress,219896.0
19/05/2022,kurta,296828.0
20/05/2022,Blouse,12368.0
20/05/2022,Bottom,602.0
20/05/2022,Ethnic Dress,5281.0
20/05/2022,Saree,3168.0
20/05/2022,Set,512460.0
20/05/2022,Top,93754.0
20/05/2022,Western Dress,251772.0
20/05/2022,kurta,305259.0
21/05/2022,Blouse,10502.0
21/05/2022,Bottom,1421.0
21/05/2022,Ethnic Dress,9696.0
21/05/2022,Saree,3133.0
21/05/2022,Set,492156.0
21/05/2022,Top,103337.0
21/05/2022,Western Dress,239067.0
21/05/2022,kurta,297273.0
22/05/2022,Blouse,7358.0
22/05/2022,Bottom,1421.0
22/05/2022,Ethnic Dress,12010.0
22/05/2022,Saree,1567.0
22/05/2022,Set,526864.0
22/05/2022,Top,126122.0
22/05/2022,Western Dress,187395.0
22/05/2022,kurta,323719.0
23/05/2022,Blouse,8233.0
23/05/2022,Bottom,1120.0
23/05/2022,Ethnic Dress,17719.0
23/05/2022,Saree,1770.0
23/05/2022,Set,628323.0
23/05/2022,Top,146617.0
23/05/2022,Western Dress,192643.0
23/05/2022,kurta,339540.0
24/05/2022,Blouse,10915.0
24/05/2022,Bottom,301.0
24/05/2022,Ethnic Dress,18566.0
24/05/2022,Saree,1770.0
24/05/2022,Set,733898.0
24/05/2022,Top,160902.0
24/05/2022,Western Dress,215010.0
24/05/2022,kurta,371518.0
25/05/2022,Blouse,15403.0
25/05/2022,Bottom,1337.0
25/05/2022,Ethnic Dress,22896.0
25/05/2022,Saree,3337.0
25/05/2022,Set,772740.0
25/05/2022,Top,170208.0
25/05/2022,Western Dress,236006.0
25/05/2022,kurta,409500.0
26/05/2022,Blouse,14482.0
26/05/2022,Bottom,1367.0
26/05/2022,Ethnic Dress,26203.0
26/05/2022,Saree,2452.0
26/05/2022,Set,792053.0
26/05/2022,Top,165302.0
26/05/2022,Western Dress,270980.0
26/05/2022,kurta,450253.0
27/05/2022,Blouse,14431.0
27/05/2022,Bottom,1746.0
27/05/2022,Ethnic Dress,25800.0
27/05/2022,Saree,2358.0
27/05/2022,Set,782024.0
27/05/2022,Top,159251.0
27/05/2022,Western Dress,337399.0
27/05/2022,kurta,474556.0
28/05/2022,Blouse,11049.0
28/05/2022,Bottom,1529.0
28/05/2022,Ethnic Dress,28244.0
28/05/2022,Saree,3446.0
28/05/2022,Set,792817.0
28/05/2022,Top,159834.0
28/05/2022,Western Dress,398585.0
28/05/2022,kurta,480283.0
29/05/2022,Blouse,11652.0
29/05/2022,Bottom,1198.0
29/05/2022,Ethnic Dress,23535.0
29/05/2022,Saree,5017.0
29/05/2022,Set,792074.0
29/05/2022,Top,174136.0
29/05/2022,Western Dress,397150.0
29/05/2022,kurta,481699.0
30/05/2022,Blouse,11808.0
30/05/2022,Bottom,1337.0
30/05/2022,Ethnic Dress,21642.0
30/05/2022,Saree,4226.0
30/05/2022,Set,808827.0
30/05/2022,Top,174773.0
30/05/2022,Western Dress,364152.0
30/05/2022,kurta,460490.0
31/05/2022,Blouse,13383.0
31/05/2022,Bottom,518.0
31/05/2022,Ethnic Dress,27030.0
31/05/2022,Saree,2456.0
31/05/2022,Set,817611.0
31/05/2022,Top,166497.0
31/05/2022,Western Dress,339744.0
31/05/2022,kurta,452832.0
01/06/2022,Blouse,12608.0
01/06/2022,Bottom,1036.0
01/06/2022,Ethnic Dress,36971.0
01/06/2022,Saree,885.0
01/06/2022,Set,826179.0
01/06/2022,Top,163882.0
01/06/2022,Western Dress,338213.0
01/06/2022,kurta,469871.0
02/06/2022,Blouse,11986.0
02/06/2022,Bottom,518.0
02/06/2022,Ethnic Dress,41632.0
02/06/2022,Saree,1784.0
02/06/2022,Set,825526.0
02/06/2022,Top,164861.0
02/06/2022,Western Dress,323807.0
02/06/2022,kurta,489600.0
03/06/2022,Blouse,9962.0
03/06/2022,Bottom,922.0
03/06/2022,Ethnic Dress,29537.0
03/06/2022,Saree,899.0
03/06/2022,Set,770208.0
03/06/2022,Top,136891.0
03/06/2022,Western Dress,268678.0
03/06/2022,kurta,519370.0
04/06/2022,Blouse,9224.0
04/06/2022,Bottom,755.0
04/06/2022,Ethnic Dress,21484.0
04/06/2022,Saree,3345.0
04/06/2022,Set,816240.0
04/06/2022,Top,111136.0
04/06/2022,Western Dress,205653.0
04/06/2022,kurta,571978.0
05/06/2022,Blouse,6868.0
05/06/2022,Bottom,1484.0
05/06/2022,Ethnic Dress,25657.0
05/06/2022,Saree,5741.0
05/06/2022,Set,863267.0
05/06/2022,Top,95967.0
05/06/2022,Western Dress,168370.0
05/06/2022,kurta,668773.0
06/06/2022,Blouse,8031.0
06/06/2022,Bottom,1080.0
06/06/2022,Ethnic Dress,26423.0
06/06/2022,Saree,5741.0
06/06/2022,Set,952902.0
06/06/2022,Top,106508.0
06/06/2022,Western Dress,194144.0
06/06/2022,kurta,694994.0
07/06/2022,Blouse,8188.0
07/06/2022,Bottom,1030.0
07/06/2022,Ethnic Dress,27073.0
07/06/2022,Saree,3295.0
07/06/2022,Set,968168.0
07/06/2022,Top,114635.0
07/06/2022,Western Dress,215732.0
07/06/2022,kurta,668067.0
08/06/2022,Blouse,13139.0
08/06/2022,Bottom,935.0
08/06/2022,Ethnic Dress,18677.0
08/06/2022,Set,945145.0
08/06/2022,Top,128819.0
08/06/2022,Western Dress,238420.0
08/06/2022,kurta,619987.0
09/06/2022,Blouse,12109.0
09/06/2022,Bottom,935.0
09/06/2022,Ethnic Dress,22763.0
09/06/2022,Saree,898.0
09/06/2022,Set,902511.0
09/06/2022,Top,152608.0
09/06/2022,Western Dress,256882.0
09/06/2022,kurta,625773.0
10/06/2022,Blouse,10446.0
10/06/2022,Bottom,1236.0
10/06/2022,Ethnic Dress,22185.0
10/06/2022,Saree,898.0
10/06/2022,Set,815667.0
10/06/2022,Top,153493.0
10/06/2022,Western Dress,281514.0
10/06/2022,kurta,589258.0
11/06/2022,Blouse,8751.0
11/06/2022,Bottom,2097.0
11/06/2022,Ethnic Dress,26246.0
11/06/2022,Saree,2539.0
11/06/2022,Set,787576.0
11/06/2022,Top,157935.0
11/06/2022,Western Dress,276443.0
11/06/2022,kurta,565704.0
12/06/2022,Blouse,7716.0
12/06/2022,Bottom,2097.0
12/06/2022,Ethnic Dress,25339.0
12/06/2022,Saree,2413.0
12/06/2022,Set,793084.0
12/06/2022,Top,179351.0
12/06/2022,Western Dress,269942.0
12/06/2022,kurta,539825.0
13/06/2022,Blouse,11357.0
13/06/2022,Bottom,2013.0
13/06/2022,Ethnic Dress,27286.0
13/06/2022,Saree,3957.0
13/06/2022,Set,824265.0
13/06/2022,Top,195608.0
13/06/2022,Western Dress,245068.0
13/06/2022,kurta,551915.0
14/06/2022,Blouse,10901.0
14/06/2022,Bottom,518.0
14/06/2022,Ethnic Dress,28515.0
14/06/2022,Saree,3053.0
14/06/2022,Set,858288.0
14/06/2022,Top,193029.0
14/06/2022,Western Dress,247320.0
14/06/2022,kurta,557475.0
15/06/2022,Blouse,14424.0
15/06/2022,Bottom,1036.0
15/06/2022,Ethnic Dress,26285.0
15/06/2022,Saree,3696.0
15/06/2022,Set,845480.0
15/06/2022,Top,152964.0
15/06/2022,Western Dress,225281.0
15/06/2022,kurta,507161.0
16/06/2022,Blouse,13186.0
16/06/2022,Bottom,1524.0
16/06/2022,Ethnic Dress,19855.0
16/06/2022,Saree,2152.0
16/06/2022,Set,842844.0
16/06/2022,Top,129675.0
16/06/2022,Western Dress,216698.0
16/06/2022,kurta,495536.0
17/06/2022,Blouse,9566.0
17/06/2022,Bottom,2042.0
17/06/2022,Ethnic Dress,18476.0
17/06/2022,Saree,2300.0
17/06/2022,Set,785980.0
17/06/2022,Top,108346.0
17/06/2022,Western Dress,177144.0
17/06/2022,kurta,446301.0
18/06/2022,Blouse,6356.0
18/06/2022,Bottom,2674.0
18/06/2022,Ethnic Dress,17227.0
18/06/2022,Saree,1544.0
18/06/2022,Set,744533.0
18/06/2022,Top,92392.0
18/06/2022,Western Dress,168412.0
18/06/2022,kurta,431236.0
19/06/2022,Blouse,6934.0
19/06/2022,Bottom,1668.0
19/06/2022,Ethnic Dress,19403.0
19/06/2022,Saree,1544.0
19/06/2022,Set,701829.0
19/06/2022,Top,88220.0
19/06/2022,Western Dress,143781.0
19/06/2022,kurta,392906.0
20/06/2022,Blouse,8961.0
20/06/2022,Bottom,1793.0
20/06/2022,Ethnic Dress,20962.0
20/06/2022,Saree,659.0
20/06/2022,Set,686148.0
20/06/2022,Top,87239.0
20/06/2022,Western Dress,149392.0
20/06/2022,kurta,415973.0
21/06/2022,Blouse,10169.0
21/06/2022,Bottom,2365.0
21/06/2022,Ethnic Dress,22584.0
21/06/2022,Saree,885.0
21/06/2022,Set,696474.0
21/06/2022,Top,94049.0
21/06/2022,Western Dress,144615.0
21/06/2022,kurta,444863.0
22/06/2022,Blouse,10455.0
22/06/2022,Bottom,3900.0
22/06/2022,Ethnic Dress,24648.0
22/06/2022,Saree,1559.0
22/06/2022,Set,718303.0
22/06/2022,Top,98451.0
22/06/2022,Western Dress,162225.0
22/06/2022,kurta,480450.0
23/06/2022,Blouse,10102.0
23/06/2022,Bottom,4076.0
23/06/2022,Ethnic Dress,17325.0
23/06/2022,Saree,2218.0
23/06/2022,Set,685531.0
23/06/2022,Top,85808.0
23/06/2022,Western Dress,149805.0
23/06/2022,kurta,463975.0
24/06/2022,Blouse,7659.0
24/06/2022,Bottom,3796.0
24/06/2022,Ethnic Dress,13172.0
24/06/2022,Saree,1992.0
24/06/2022,Set,664227.0
24/06/2022,Top,69388.0
24/06/2022,Western Dress,157011.0
24/06/2022,kurta,427005.0
25/06/2022,Blouse,4827.0
25/06/2022,Bottom,3432.0
25/06/2022,Ethnic Dress,12402.0
25/06/2022,Saree,2203.0
25/06/2022,Set,642095.0
25/06/2022,Top,69832.0
25/06/2022,Western Dress,182358.0
25/06/2022,kurta,371084.0
26/06/2022,Blouse,2917.0
26/06/2022,Bottom,4386.0
26/06/2022,Dupatta,915.0
26/06/2022,Ethnic Dress,13860.0
26/06/2022,Saree,1544.0
26/06/2022,Set,663349.0
26/06/2022,Top,95850.0
26/06/2022,Western Dress,243588.0
26/06/2022,kurta,366556.0
27/06/2022,Blouse,5359.0
27/06/2022,Bottom,3266.0
27/06/2022,Dupatta,915.0
27/06/2022,Ethnic Dress,13695.0
27/06/2022,Saree,885.0
27/06/2022,Set,668721.0
27/06/2022,Top,102245.0
27/06/2022,Western Dress,262586.0
27/06/2022,kurta,359699.0
28/06/2022,Blouse,6720.0
28/06/2022,Bottom,3649.0
28/06/2022,Dupatta,915.0
28/06/2022,Ethnic Dress,15069.0
28/06/2022,Saree,1566.0
28/06/2022,Set,644286.0
28/06/2022,Top,99908.0
28/06/2022,Western Dress,246917.0
28/06/2022,kurta,384013.0
29/06/2022,Blouse,7186.0
29/06/2022,Bottom,1876.0
29/06/2022,Ethnic Dress,10161.0
29/06/2022,Saree,1566.0
29/06/2022,Set,466945.0
29/06/2022,Top,65407.0
29/06/2022,Western Dress,170799.0
29/06/2022,kurta,283629.0
30/06/2022,Blouse,3601.0
30/06/2022,Bottom,1554.0
30/06/2022,Ethnic Dress,8616.0
30/06/2022,Saree,1566.0
30/06/2022,Set,248080.0
30/06/2022,Top,41540.0
30/06/2022,Western Dress,87136.0
30/06/2022,kurta,167777.0
01/07/2022,Blouse,926.0
01/07/2022,Ethnic Dress,690.0
01/07/2022,Set,45205.0
01/07/2022,Top,9314.0
01/07/2022,Western Dress,24044.0
01/07/2022,kurta,35416.0
